Distance,Speed,Driver
19.133333333333333,280.0,LEC
47.43333333333334,283.0,LEC
69.67777777777778,286.0,LEC
91.92222222222222,286.0,LEC
109.92222222222222,270.0,LEC
135.46666666666667,209.0,LEC
147.86666666666665,186.0,LEC
160.0,156.0,LEC
167.7222222222222,139.0,LEC
175.16666666666666,134.0,LEC
180.72222222222223,125.0,LEC
187.38888888888889,120.0,LEC
195.1888888888889,117.0,LEC
204.36666666666667,118.0,LEC
213.7777777777778,121.0,LEC
221.00000000000003,130.0,LEC
227.0,135.0,LEC
237.06666666666666,151.0,LEC
246.01111111111112,161.0,LEC
255.45555555555558,170.0,LEC
273.25555555555553,178.0,LEC
297.7,200.0,LEC
306.76666666666665,204.0,LEC
320.9,212.0,LEC
330.45555555555546,215.0,LEC
350.3666666666666,224.0,LEC
365.6333333333333,229.0,LEC
383.83333333333337,234.0,LEC
402.4222222222222,239.0,LEC
435.22222222222223,246.0,LEC
454.7361111111111,250.0,LEC
465.86611111111114,252.0,LEC
491.56611111111107,257.0,LEC
503.03277777777777,258.0,LEC
517.4216666666666,259.0,LEC
546.755,264.0,LEC
576.3105555555555,266.0,LEC
588.2661111111111,269.0,LEC
612.2661111111111,270.0,LEC
624.2661111111111,270.0,LEC
636.3549999999999,272.0,LEC
655.9549999999998,252.0,LEC
666.8438888888887,245.0,LEC
686.4883333333332,221.0,LEC
698.2105555555554,211.0,LEC
715.8994444444443,199.0,LEC
726.677222222222,194.0,LEC
740.7549999999998,181.0,LEC
748.7105555555553,179.0,LEC
765.8105555555553,171.0,LEC
779.2661111111108,173.0,LEC
786.9994444444442,174.0,LEC
802.7327777777775,177.0,LEC
816.9661111111109,183.0,LEC
829.2994444444442,185.0,LEC
839.1883333333332,178.0,LEC
846.8327777777777,172.0,LEC
855.933611111111,163.0,LEC
864.9891666666666,163.0,LEC
878.103611111111,148.0,LEC
889.7702777777778,150.0,LEC
901.6702777777778,153.0,LEC
914.1147222222222,160.0,LEC
921.4925,166.0,LEC
935.1813888888887,176.0,LEC
954.3813888888886,192.0,LEC
963.0924999999997,196.0,LEC
974.4258333333332,204.0,LEC
988.5591666666664,212.0,LEC
1000.7258333333331,219.0,LEC
1010.5924999999997,222.0,LEC
1023.2036111111108,227.0,LEC
1040.9813888888887,200.0,LEC
1048.803611111111,176.0,LEC
1063.6924999999999,134.0,LEC
1075.6924999999999,108.0,LEC
1080.1813888888887,101.0,LEC
1084.4480555555554,96.0,LEC
1091.0591666666664,85.0,LEC
1094.6591666666664,81.0,LEC
1099.1036111111107,80.0,LEC
1105.1702777777773,78.0,LEC
1110.236944444444,76.0,LEC
1115.5702777777772,80.0,LEC
1122.439166666666,88.0,LEC
1127.4947222222215,91.0,LEC
1135.7872222222215,107.0,LEC
1155.431666666666,136.0,LEC
1169.1205555555548,154.0,LEC
1179.053888888888,149.0,LEC
1185.3205555555546,141.0,LEC
1196.8761111111103,104.0,LEC
1200.9205555555548,91.0,LEC
1206.9094444444436,77.0,LEC
1210.9094444444436,72.0,LEC
1214.5761111111103,66.0,LEC
1217.9649999999992,61.0,LEC
1221.0761111111103,56.0,LEC
1224.6094444444436,53.0,LEC
1227.4427777777769,51.0,LEC
1230.7094444444435,49.0,LEC
1232.753888888888,46.0,LEC
1236.0872222222213,50.0,LEC
1242.3094444444434,56.0,LEC
1245.6427777777767,60.0,LEC
1250.0427777777768,66.0,LEC
1254.9094444444434,73.0,LEC
1258.5538888888877,82.0,LEC
1262.4205555555543,87.0,LEC
1269.2205555555543,102.0,LEC
1275.1094444444432,106.0,LEC
1279.5538888888875,100.0,LEC
1288.779444444443,92.0,LEC
1292.5572222222208,85.0,LEC
1296.2672222222209,84.0,LEC
1306.4116666666653,83.0,LEC
1310.1005555555541,83.0,LEC
1314.7672222222209,84.0,LEC
1318.7672222222209,90.0,LEC
1329.2672222222209,105.0,LEC
1337.0005555555542,116.0,LEC
1348.467222222221,129.0,LEC
1356.467222222221,120.0,LEC
1362.578333333332,110.0,LEC
1368.189444444443,101.0,LEC
1373.6338888888874,98.0,LEC
1381.989444444443,94.0,LEC
1388.0561111111097,91.0,LEC
1395.0561111111097,90.0,LEC
1406.6672222222207,95.0,LEC
1416.4449999999986,110.0,LEC
1422.778333333332,114.0,LEC
1431.5783333333322,132.0,LEC
1439.578333333332,144.0,LEC
1451.6338888888877,155.0,LEC
1458.5227777777768,155.0,LEC
1470.1894444444433,175.0,LEC
1480.633888888888,188.0,LEC
1500.5891666666655,199.0,LEC
1514.522499999999,209.0,LEC
1533.8397222222213,218.0,LEC
1546.2841666666654,224.0,LEC
1569.5841666666654,233.0,LEC
1585.4508333333322,238.0,LEC
1601.5841666666656,242.0,LEC
1618.0508333333323,247.0,LEC
1637.650833333332,252.0,LEC
1648.9397222222212,254.0,LEC
1660.3174999999987,256.0,LEC
1677.6508333333322,260.0,LEC
1698.106388888888,263.0,LEC
1721.6619444444436,265.0,LEC
1733.52861111111,267.0,LEC
1757.52861111111,270.0,LEC
1778.7619444444433,273.0,LEC
1797.0952777777768,275.0,LEC
1812.539722222221,278.0,LEC
1837.4286111111098,280.0,LEC
1859.2841666666654,281.0,LEC
1878.2841666666657,285.0,LEC
1897.3508333333325,286.0,LEC
1919.595277777777,286.0,LEC
1932.3952777777768,288.0,LEC
1966.572777777777,279.0,LEC
1992.9727777777769,216.0,LEC
2008.5683333333325,176.0,LEC
2021.8683333333324,133.0,LEC
2029.8683333333322,120.0,LEC
2038.1127777777767,106.0,LEC
2050.112777777777,90.0,LEC
2053.890555555555,85.0,LEC
2058.390555555555,81.0,LEC
2063.5905555555546,78.0,LEC
2067.5905555555546,72.0,LEC
2073.812777777777,70.0,LEC
2078.74611111111,74.0,LEC
2083.134999999999,79.0,LEC
2091.134999999999,90.0,LEC
2095.134999999999,90.0,LEC
2108.134999999999,117.0,LEC
2123.6905555555545,140.0,LEC
2130.4016666666657,151.0,LEC
2137.5572222222213,161.0,LEC
2152.6683333333326,170.0,LEC
2171.3683333333324,187.0,LEC
2180.0349999999994,195.0,LEC
2193.234999999999,198.0,LEC
2209.704722222222,211.0,LEC
2232.004722222222,223.0,LEC
2247.2713888888884,229.0,LEC
2257.493611111111,230.0,LEC
2286.2725,236.0,LEC
2304.139166666667,201.0,LEC
2316.6058333333335,187.0,LEC
2330.5280555555555,179.0,LEC
2348.7280555555553,182.0,LEC
2356.950277777778,185.0,LEC
2374.2836111111114,195.0,LEC
2387.8169444444447,203.0,LEC
2404.2280555555553,211.0,LEC
2416.2280555555553,216.0,LEC
2426.094722222222,222.0,LEC
2436.005833333333,223.0,LEC
2459.205833333333,232.0,LEC
2472.150277777778,233.0,LEC
2493.2169444444444,237.0,LEC
2514.7280555555553,242.0,LEC
2536.7724999999996,248.0,LEC
2556.2169444444435,250.0,LEC
2601.4994444444433,177.0,LEC
2617.3994444444434,159.0,LEC
2624.06611111111,150.0,LEC
2633.66611111111,144.0,LEC
2639.8052777777766,139.0,LEC
2650.6163888888877,139.0,LEC
2665.2830555555543,132.0,LEC
2679.83861111111,131.0,LEC
2688.9052777777765,136.0,LEC
2696.9052777777765,144.0,LEC
2703.7052777777767,153.0,LEC
2714.5719444444435,163.0,LEC
2726.105277777777,173.0,LEC
2744.905277777777,188.0,LEC
2760.0719444444435,195.0,LEC
2769.005277777777,201.0,LEC
2782.805277777777,207.0,LEC
2801.994166666666,157.0,LEC
2814.260833333333,138.0,LEC
2820.4274999999993,111.0,LEC
2830.760833333333,93.0,LEC
2835.094166666666,78.0,LEC
2841.0497222222216,67.0,LEC
2844.494166666666,62.0,LEC
2847.2222222222217,61.0,LEC
2853.3222222222216,61.0,LEC
2856.8222222222216,63.0,LEC
2865.3777777777773,70.0,LEC
2873.754444444444,84.0,LEC
2879.954444444444,93.0,LEC
2887.965555555555,103.0,LEC
2894.743333333333,122.0,LEC
2903.0099999999998,124.0,LEC
2911.1766666666663,105.0,LEC
2915.6655555555553,101.0,LEC
2923.6655555555553,90.0,LEC
2929.332222222222,85.0,LEC
2936.7099999999996,83.0,LEC
2942.4433333333327,86.0,LEC
2946.487777777777,91.0,LEC
2954.265555555555,100.0,LEC
2960.154444444444,106.0,LEC
2967.0988888888883,125.0,LEC
2977.754444444444,137.0,LEC
2988.4211111111103,160.0,LEC
3005.8211111111104,174.0,LEC
3013.998888888888,184.0,LEC
3022.354444444444,188.0,LEC
3031.065555555555,196.0,LEC
3047.0877777777773,206.0,LEC
3061.213055555555,211.0,LEC
3070.9908333333324,220.0,LEC
3088.646388888888,227.0,LEC
3104.2463888888874,234.0,LEC
3131.46861111111,245.0,LEC
3162.1986111111096,252.0,LEC
3173.5763888888882,256.0,LEC
3190.9097222222213,260.0,LEC
3220.354166666666,265.0,LEC
3238.420833333332,271.0,LEC
17.95277777777778,281.0,SAI
33.730555555555554,284.0,SAI
55.97305555555555,287.0,SAI
97.7175,289.0,SAI
117.71749999999999,225.0,SAI
130.85083333333333,197.0,SAI
138.53972222222222,173.0,SAI
154.4286111111111,143.0,SAI
160.47305555555553,136.0,SAI
170.35083333333333,127.0,SAI
176.96194444444444,119.0,SAI
183.5175,118.0,SAI
189.9063888888889,115.0,SAI
196.4063888888889,117.0,SAI
204.53972222222222,122.0,SAI
211.70638888888888,129.0,SAI
220.97305555555556,139.0,SAI
227.63972222222225,150.0,SAI
237.97305555555556,155.0,SAI
257.63972222222225,177.0,SAI
267.9175,185.0,SAI
280.71750000000003,192.0,SAI
294.18416666666667,202.0,SAI
303.2952777777778,205.0,SAI
312.5841666666667,209.0,SAI
326.7841666666667,213.0,SAI
339.06194444444446,221.0,SAI
349.0619444444444,225.0,SAI
372.52694444444444,234.0,SAI
382.9713888888889,235.0,SAI
393.57138888888886,240.0,SAI
423.63805555555547,246.0,SAI
434.70472222222213,249.0,SAI
448.7047222222221,252.0,SAI
459.90472222222206,252.0,SAI
485.50472222222214,256.0,SAI
502.70472222222213,258.0,SAI
526.0824999999998,263.0,SAI
543.7491666666664,265.0,SAI
558.5269444444442,266.0,SAI
573.4713888888886,269.0,SAI
588.3602777777775,268.0,SAI
612.3602777777774,270.0,SAI
630.0936111111107,266.0,SAI
649.6936111111108,252.0,SAI
676.7047222222219,221.0,SAI
694.9269444444442,205.0,SAI
705.9824999999997,199.0,SAI
718.8491666666664,193.0,SAI
729.1824999999997,186.0,SAI
743.104722222222,179.0,SAI
750.8380555555553,174.0,SAI
762.1713888888887,170.0,SAI
771.3936111111109,166.0,SAI
788.3405555555554,169.0,SAI
799.8738888888887,173.0,SAI
816.001111111111,182.0,SAI
825.9455555555554,179.0,SAI
842.4455555555555,165.0,SAI
853.0455555555556,159.0,SAI
863.1122222222222,151.0,SAI
873.0455555555556,149.0,SAI
884.6344444444445,149.0,SAI
891.3900000000001,152.0,SAI
898.3233333333335,156.0,SAI
909.4566666666667,167.0,SAI
922.9900000000001,174.0,SAI
940.0566666666668,192.0,SAI
948.6788888888891,194.0,SAI
966.9011111111114,205.0,SAI
983.3900000000001,212.0,SAI
998.0566666666668,220.0,SAI
1010.7233333333335,228.0,SAI
1028.8566666666668,204.0,SAI
1041.6900000000003,165.0,SAI
1051.3566666666668,145.0,SAI
1060.4900000000002,137.0,SAI
1068.9677777777779,109.0,SAI
1073.367777777778,99.0,SAI
1084.147777777778,88.0,SAI
1093.6811111111112,78.0,SAI
1100.2383333333335,74.0,SAI
1108.4383333333335,82.0,SAI
1114.4383333333335,90.0,SAI
1122.0605555555558,98.0,SAI
1138.593888888889,124.0,SAI
1144.6383333333333,136.0,SAI
1152.9161111111111,149.0,SAI
1163.516111111111,159.0,SAI
1171.793888888889,149.0,SAI
1181.6605555555557,111.0,SAI
1188.2605555555558,99.0,SAI
1193.0383333333336,86.0,SAI
1199.4383333333337,72.0,SAI
1202.2827777777782,64.0,SAI
1208.3938888888893,55.0,SAI
1213.8383333333338,49.0,SAI
1216.0161111111115,49.0,SAI
1218.1938888888892,49.0,SAI
1222.1050000000002,44.0,SAI
1226.8050000000003,47.0,SAI
1228.982777777778,49.0,SAI
1232.7161111111113,56.0,SAI
1237.867777777778,66.0,SAI
1245.4677777777779,76.0,SAI
1251.667777777778,93.0,SAI
1256.1122222222223,100.0,SAI
1268.3066666666666,100.0,SAI
1276.5733333333333,93.0,SAI
1282.7733333333333,93.0,SAI
1289.54,87.0,SAI
1298.1399999999999,86.0,SAI
1301.9622222222222,86.0,SAI
1310.2288888888888,93.0,SAI
1317.2955555555554,106.0,SAI
1326.862222222222,123.0,SAI
1334.0844444444442,130.0,SAI
1339.9066666666665,131.0,SAI
1345.2844444444443,121.0,SAI
1356.2844444444443,110.0,SAI
1362.062222222222,104.0,SAI
1370.4177777777775,94.0,SAI
1378.4177777777775,90.0,SAI
1386.5066666666664,91.0,SAI
1393.973333333333,96.0,SAI
1424.6733333333332,120.0,SAI
1440.4733333333331,158.0,SAI
1447.7177777777774,163.0,SAI
1459.5844444444442,178.0,SAI
1467.446111111111,178.0,SAI
1482.5349999999999,194.0,SAI
1505.5349999999999,207.0,SAI
1529.646111111111,217.0,SAI
1544.5794444444443,224.0,SAI
1557.3016666666667,229.0,SAI
1567.6127777777776,232.0,SAI
1583.4794444444444,238.0,SAI
1599.679444444444,243.0,SAI
1624.3794444444445,247.0,SAI
1643.9794444444442,252.0,SAI
1655.3572222222222,256.0,SAI
1672.5572222222222,258.0,SAI
1704.8238888888886,264.0,SAI
1728.2905555555553,264.0,SAI
1743.2349999999994,269.0,SAI
1773.235,270.0,SAI
1788.5127777777773,275.0,SAI
1813.1349999999995,277.0,SAI
1828.5238888888887,277.0,SAI
1841.1355555555554,282.0,SAI
1869.3355555555554,282.0,SAI
1885.1133333333328,284.0,SAI
1919.9466666666665,285.0,SAI
1948.666666666666,288.0,SAI
1965.1999999999996,248.0,SAI
1983.4777777777774,235.0,SAI
1994.1999999999998,193.0,SAI
2004.7999999999995,159.0,SAI
2015.144444444444,133.0,SAI
2020.744444444444,126.0,SAI
2030.344444444444,108.0,SAI
2036.8111111111104,97.0,SAI
2044.7222222222215,89.0,SAI
2050.6555555555547,89.0,SAI
2054.3444444444435,83.0,SAI
2060.177777777777,75.0,SAI
2064.177777777777,72.0,SAI
2068.0666666666657,70.0,SAI
2073.7444444444436,73.0,SAI
2078.81111111111,76.0,SAI
2088.1111111111104,93.0,SAI
2092.4666666666662,98.0,SAI
2097.355555555555,110.0,SAI
2102.5111111111105,116.0,SAI
2112.9333333333325,134.0,SAI
2123.0419444444437,151.0,SAI
2129.930833333333,155.0,SAI
2143.153055555555,170.0,SAI
2155.0197222222214,178.0,SAI
2176.575277777777,194.0,SAI
2202.18361111111,210.0,SAI
2211.516944444443,210.0,SAI
2226.3169444444434,222.0,SAI
2251.7613888888877,229.0,SAI
2267.4947222222213,236.0,SAI
2289.9391666666656,202.0,SAI
2310.605833333332,186.0,SAI
2322.4058333333323,177.0,SAI
2332.2947222222215,178.0,SAI
2340.2947222222215,180.0,SAI
2348.561388888888,186.0,SAI
2365.8058333333324,194.0,SAI
2386.6058333333326,208.0,SAI
2395.9391666666656,210.0,SAI
2405.5391666666656,216.0,SAI
2425.272499999999,222.0,SAI
2435.228055555555,224.0,SAI
2455.761388888888,231.0,SAI
2471.361388888888,234.0,SAI
2492.5169444444437,238.0,SAI
2505.9727777777766,241.0,SAI
2522.30611111111,245.0,SAI
2538.772777777777,247.0,SAI
2563.9727777777766,252.0,SAI
2575.1283333333317,251.0,SAI
2593.172777777776,203.0,SAI
2612.125277777776,171.0,SAI
2622.658611111109,158.0,SAI
2634.0919444444426,147.0,SAI
2648.2919444444424,142.0,SAI
2659.258611111109,141.0,SAI
2668.1919444444425,134.0,SAI
2674.2363888888867,136.0,SAI
2684.7363888888867,135.0,SAI
2699.536388888887,148.0,SAI
2713.936388888887,162.0,SAI
2721.358611111109,167.0,SAI
2733.358611111109,180.0,SAI
2748.2919444444424,192.0,SAI
2756.8252777777757,192.0,SAI
2765.5808333333316,197.0,SAI
2781.7586111111095,208.0,SAI
2805.5919444444426,195.0,SAI
2815.1919444444425,144.0,SAI
2822.080833333331,124.0,SAI
2830.819166666665,98.0,SAI
2839.5969444444427,79.0,SAI
2843.763611111109,75.0,SAI
2851.2080555555535,67.0,SAI
2858.8905555555534,63.0,SAI
2862.279444444442,61.0,SAI
2867.2572222222198,64.0,SAI
2870.101666666664,64.0,SAI
2874.901666666664,72.0,SAI
2880.2349999999974,80.0,SAI
2890.2349999999974,100.0,SAI
2894.9461111111086,106.0,SAI
2900.0572222222195,115.0,SAI
2905.390555555553,120.0,SAI
2911.5572222222195,111.0,SAI
2918.3572222222197,102.0,SAI
2926.890555555553,96.0,SAI
2934.623888888886,87.0,SAI
2941.079444444442,83.0,SAI
2946.6127777777756,83.0,SAI
2958.3461111111087,96.0,SAI
2964.179444444442,105.0,SAI
2975.290555555553,125.0,SAI
2981.379444444442,137.0,SAI
2995.021944444442,153.0,SAI
3002.310833333331,164.0,SAI
3011.6441666666647,168.0,SAI
3025.7997222222198,182.0,SAI
3034.2441666666646,190.0,SAI
3057.133055555553,206.0,SAI
3076.333055555553,216.0,SAI
3086.1997222222194,222.0,SAI
3096.13722222222,225.0,SAI
3114.259444444441,233.0,SAI
3127.537222222219,239.0,SAI
3143.8038888888864,244.0,SAI
3169.003888888886,252.0,SAI
3194.8038888888864,258.0,SAI
3212.003888888886,258.0,SAI
3226.6149999999975,263.0,SAI
3250.34833333333,267.0,SAI
3265.403888888886,271.0,SAI
3277.4927777777743,272.0,SAI
16.636666666666667,276.0,NOR
32.19222222222222,280.0,NOR
44.72555555555555,282.0,NOR
73.30472222222221,285.0,NOR
86.06027777777777,287.0,NOR
98.64777777777776,285.0,NOR
127.61444444444444,237.0,NOR
138.14777777777778,237.0,NOR
148.5922222222222,188.0,NOR
156.05888888888887,168.0,NOR
169.85888888888886,138.0,NOR
178.72555555555553,133.0,NOR
189.83666666666664,125.0,NOR
197.76999999999998,119.0,NOR
204.3811111111111,119.0,NOR
210.9922222222222,119.0,NOR
217.93666666666664,125.0,NOR
229.66999999999996,132.0,NOR
239.2033333333333,143.0,NOR
251.49222222222218,158.0,NOR
273.0033333333333,176.0,NOR
289.62555555555554,187.0,NOR
300.62555555555554,198.0,NOR
314.02555555555557,201.0,NOR
325.63666666666666,209.0,NOR
342.51444444444445,217.0,NOR
352.2477777777778,219.0,NOR
367.31444444444446,226.0,NOR
380.14777777777783,231.0,NOR
403.91361111111115,237.0,NOR
419.9802777777778,241.0,NOR
441.7786111111111,246.0,NOR
455.61194444444453,249.0,NOR
481.0119444444445,254.0,NOR
498.14527777777784,257.0,NOR
515.2786111111112,257.0,NOR
532.6119444444446,260.0,NOR
553.0675000000001,263.0,NOR
564.756388888889,263.0,NOR
576.5786111111112,266.0,NOR
594.3119444444445,266.0,NOR
615.0786111111112,267.0,NOR
638.6341666666667,265.0,NOR
650.1008333333334,258.0,NOR
671.6119444444446,242.0,NOR
689.3452777777779,228.0,NOR
703.3452777777779,210.0,NOR
714.5675000000001,202.0,NOR
731.7230555555557,193.0,NOR
746.1897222222224,186.0,NOR
758.1897222222223,180.0,NOR
769.7897222222223,174.0,NOR
783.3230555555557,174.0,NOR
790.8786111111112,170.0,NOR
812.8061111111111,179.0,NOR
834.9283333333333,181.0,NOR
849.8149999999999,168.0,NOR
865.5149999999999,157.0,NOR
875.6483333333332,152.0,NOR
887.2372222222222,149.0,NOR
907.6372222222221,153.0,NOR
914.7038888888889,159.0,NOR
924.1483333333333,170.0,NOR
935.6816666666667,173.0,NOR
946.015,186.0,NOR
963.4372222222222,196.0,NOR
977.1705555555554,206.0,NOR
989.0038888888889,213.0,NOR
1008.2038888888887,216.0,NOR
1018.2038888888887,225.0,NOR
1041.8705555555555,213.0,NOR
1059.9816666666666,163.0,NOR
1066.2483333333332,141.0,NOR
1072.1149999999998,132.0,NOR
1081.9816666666666,111.0,NOR
1091.7816666666665,98.0,NOR
1095.915,93.0,NOR
1101.9816666666666,91.0,NOR
1108.8505555555555,88.0,NOR
1117.1505555555555,83.0,NOR
1122.6172222222222,82.0,NOR
1126.4838888888887,87.0,NOR
1138.678333333333,100.0,NOR
1148.8116666666665,114.0,NOR
1157.8116666666665,135.0,NOR
1169.167222222222,146.0,NOR
1183.567222222222,144.0,NOR
1189.7005555555554,138.0,NOR
1198.6783333333333,101.0,NOR
1204.745,91.0,NOR
1210.656111111111,76.0,NOR
1214.7116666666664,73.0,NOR
1217.6894444444442,67.0,NOR
1220.5783333333331,65.0,NOR
1226.2783333333332,57.0,NOR
1229.2783333333332,54.0,NOR
1233.7227777777775,50.0,NOR
1237.9894444444442,48.0,NOR
1242.1672222222219,47.0,NOR
1246.0561111111108,50.0,NOR
1267.034444444444,82.0,NOR
1276.834444444444,98.0,NOR
1281.4566666666663,104.0,NOR
1288.1233333333328,100.0,NOR
1292.4516666666661,98.0,NOR
1299.6849999999995,93.0,NOR
1309.9072222222217,92.0,NOR
1319.351666666666,85.0,NOR
1325.151666666666,87.0,NOR
1330.3183333333327,93.0,NOR
1334.6294444444438,97.0,NOR
1341.6961111111104,106.0,NOR
1349.8961111111105,123.0,NOR
1362.7961111111106,129.0,NOR
1371.6627777777771,114.0,NOR
1376.462777777777,108.0,NOR
1383.1961111111104,101.0,NOR
1394.562777777777,93.0,NOR
1402.4738888888883,89.0,NOR
1407.4738888888883,90.0,NOR
1417.9183333333326,94.0,NOR
1423.751666666666,105.0,NOR
1434.7738888888882,124.0,NOR
1442.2738888888882,135.0,NOR
1448.6244444444435,142.0,NOR
1464.7244444444439,161.0,NOR
1474.2244444444436,171.0,NOR
1497.2022222222213,188.0,NOR
1517.4458333333325,203.0,NOR
1531.379166666666,209.0,NOR
1548.3347222222214,218.0,NOR
1560.7236111111101,223.0,NOR
1575.7236111111104,225.0,NOR
1594.0013888888882,235.0,NOR
1604.6236111111102,239.0,NOR
1626.401388888888,245.0,NOR
1642.9347222222216,248.0,NOR
1665.5124999999994,254.0,NOR
1682.6458333333328,257.0,NOR
1694.201388888888,260.0,NOR
1714.579166666666,262.0,NOR
1729.1902777777773,263.0,NOR
1743.9124999999992,265.0,NOR
1764.7569444444437,268.0,NOR
1782.8236111111105,271.0,NOR
1810.1236111111104,273.0,NOR
1822.3902777777769,276.0,NOR
1834.6569444444438,276.0,NOR
1847.0124999999991,278.0,NOR
1868.790277777777,280.0,NOR
1887.6016666666658,281.0,NOR
1900.1794444444438,283.0,NOR
1922.2683333333327,284.0,NOR
1941.2016666666657,284.0,NOR
1972.5349999999994,282.0,NOR
1999.6066666666657,222.0,NOR
2008.4066666666658,198.0,NOR
2019.8733333333325,172.0,NOR
2035.428888888888,140.0,NOR
2042.828888888888,111.0,NOR
2054.0511111111105,101.0,NOR
2064.1622222222213,91.0,NOR
2069.6955555555546,83.0,NOR
2074.139999999999,80.0,NOR
2077.6066666666657,78.0,NOR
2080.8066666666655,72.0,NOR
2087.0288888888876,70.0,NOR
2094.5288888888876,75.0,NOR
2097.9955555555543,78.0,NOR
2101.5955555555543,81.0,NOR
2110.484444444443,100.0,NOR
2115.15111111111,105.0,NOR
2125.9066666666654,121.0,NOR
2135.0399999999986,137.0,NOR
2148.6399999999985,153.0,NOR
2157.1824999999985,153.0,NOR
2168.649166666665,172.0,NOR
2180.9824999999987,185.0,NOR
2200.5824999999986,196.0,NOR
2209.6047222222205,203.0,NOR
2228.1824999999985,209.0,NOR
2253.0091666666654,224.0,NOR
2268.342499999999,230.0,NOR
2286.3869444444435,232.0,NOR
2306.4869444444435,201.0,NOR
2320.95361111111,186.0,NOR
2333.15361111111,183.0,NOR
2341.0647222222215,178.0,NOR
2355.0647222222215,180.0,NOR
2374.1647222222214,191.0,NOR
2391.8536111111102,199.0,NOR
2400.920277777777,204.0,NOR
2414.9869444444435,211.0,NOR
2432.0202777777768,219.0,NOR
2441.975833333332,224.0,NOR
2452.0202777777768,226.0,NOR
2469.9869444444435,231.0,NOR
2499.0758333333324,238.0,NOR
2515.0758333333324,240.0,NOR
2528.5202777777768,242.0,NOR
2550.5444444444433,247.0,NOR
2578.3222222222216,250.0,NOR
2591.877777777777,244.0,NOR
2613.7666666666655,197.0,NOR
2633.5216666666656,162.0,NOR
2642.0772222222213,154.0,NOR
2653.5105555555547,147.0,NOR
2659.9105555555543,144.0,NOR
2669.177222222221,139.0,NOR
2678.1105555555546,134.0,NOR
2691.5105555555547,134.0,NOR
2697.2883333333325,130.0,NOR
2703.2438888888883,134.0,NOR
2709.4216666666657,139.0,NOR
2717.754999999999,150.0,NOR
2728.754999999999,165.0,NOR
2744.5772222222213,178.0,NOR
2761.3772222222215,189.0,NOR
2776.777222222221,198.0,NOR
2790.177222222221,201.0,NOR
2811.4438888888876,174.0,NOR
2819.8327777777768,151.0,NOR
2830.4994444444433,120.0,NOR
2835.521666666665,113.0,NOR
2843.814166666665,93.0,NOR
2847.680833333332,87.0,NOR
2852.2363888888876,82.0,NOR
2858.069722222221,75.0,NOR
2861.3141666666656,73.0,NOR
2868.4252777777765,64.0,NOR
2874.0252777777764,63.0,NOR
2876.869722222221,64.0,NOR
2879.6963888888877,64.0,NOR
2884.9852777777764,68.0,NOR
2889.3186111111095,78.0,NOR
2895.1186111111097,87.0,NOR
2905.91861111111,108.0,NOR
2918.31861111111,124.0,NOR
2925.51861111111,108.0,NOR
2931.074166666666,100.0,NOR
2939.3408333333323,93.0,NOR
2944.2852777777766,89.0,NOR
2948.0630555555545,85.0,NOR
2956.5630555555545,85.0,NOR
2960.51861111111,89.0,NOR
2968.8741666666656,94.0,NOR
2980.5741666666654,117.0,NOR
2989.240833333332,130.0,NOR
3000.5963888888873,146.0,NOR
3011.0630555555545,157.0,NOR
3028.711944444443,176.0,NOR
3038.9897222222207,185.0,NOR
3047.3897222222213,189.0,NOR
3060.8563888888875,202.0,NOR
3084.7452777777758,215.0,NOR
3107.2452777777767,225.0,NOR
3125.2897222222205,232.0,NOR
3138.279999999999,235.0,NOR
3151.7244444444427,242.0,NOR
3162.7022222222213,247.0,NOR
3173.768888888888,249.0,NOR
3185.013333333332,253.0,NOR
3202.079999999998,256.0,NOR
3213.679999999999,261.0,NOR
3231.146666666665,262.0,NOR
3245.868888888888,265.0,NOR
3257.824444444443,269.0,NOR
3275.8911111111092,271.0,NOR
8.880555555555555,278.0,VER
43.46944444444445,283.0,VER
59.24722222222222,284.0,VER
75.08055555555555,285.0,VER
99.4361111111111,274.0,VER
111.125,263.0,VER
129.70277777777778,209.0,VER
139.925,184.0,VER
152.6027777777778,163.0,VER
160.76944444444447,147.0,VER
170.76694444444448,129.0,VER
181.7002777777778,123.0,VER
194.3669444444445,114.0,VER
206.2669444444445,119.0,VER
213.3019444444445,126.0,VER
220.85750000000007,136.0,VER
229.07972222222227,148.0,VER
239.6130555555556,158.0,VER
246.94638888888895,165.0,VER
258.54638888888894,174.0,VER
270.946388888889,186.0,VER
279.3908333333334,190.0,VER
304.3241666666667,204.0,VER
320.8908333333334,213.0,VER
330.4908333333334,216.0,VER
342.71305555555557,220.0,VER
362.8908333333334,227.0,VER
386.3908333333334,235.0,VER
413.27972222222223,242.0,VER
435.2352777777778,247.0,VER
449.17972222222227,251.0,VER
466.1130555555556,254.0,VER
494.89083333333343,259.0,VER
512.2241666666666,260.0,VER
523.8241666666667,261.0,VER
538.4175,264.0,VER
553.1952777777778,266.0,VER
577.106388888889,269.0,VER
607.1063888888889,270.0,VER
619.1063888888889,270.0,VER
631.3155555555556,273.0,VER
652.2377777777779,269.0,VER
669.5044444444445,259.0,VER
696.1488888888889,218.0,VER
707.5933333333334,206.0,VER
722.9155555555556,197.0,VER
737.3822222222221,186.0,VER
747.4377777777778,181.0,VER
758.9711111111111,173.0,VER
770.7044444444443,176.0,VER
784.6266666666667,179.0,VER
800.8044444444445,182.0,VER
817.4266666666666,187.0,VER
825.7822222222222,188.0,VER
837.7155555555556,179.0,VER
847.2155555555556,171.0,VER
859.8155555555556,162.0,VER
870.2155555555556,156.0,VER
883.6377777777778,151.0,VER
897.5044444444445,156.0,VER
904.5711111111112,159.0,VER
911.7261111111112,162.0,VER
936.3927777777778,185.0,VER
944.7927777777778,189.0,VER
958.0594444444444,199.0,VER
969.4483333333334,205.0,VER
981.2849999999999,212.0,VER
998.2405555555555,218.0,VER
1021.0405555555554,228.0,VER
1040.1405555555555,191.0,VER
1049.473888888889,168.0,VER
1060.2849999999999,139.0,VER
1068.6183333333333,125.0,VER
1077.3294444444443,112.0,VER
1085.8627777777776,96.0,VER
1090.8627777777776,90.0,VER
1098.9627777777775,81.0,VER
1104.2294444444442,79.0,VER
1113.7627777777775,78.0,VER
1118.3738888888886,83.0,VER
1124.3738888888886,90.0,VER
1133.4405555555552,102.0,VER
1140.907222222222,112.0,VER
1152.907222222222,135.0,VER
1159.129444444444,140.0,VER
1166.907222222222,140.0,VER
1177.1974999999998,155.0,VER
1186.2641666666664,136.0,VER
1191.5530555555554,119.0,VER
1198.3530555555553,102.0,VER
1202.0863888888887,84.0,VER
1206.329722222222,76.0,VER
1211.6963888888888,69.0,VER
1215.6963888888888,60.0,VER
1218.8630555555555,57.0,VER
1221.3519444444444,56.0,VER
1223.7519444444445,54.0,VER
1226.5852777777777,51.0,VER
1230.8519444444444,48.0,VER
1233.4630555555555,47.0,VER
1238.4630555555555,50.0,VER
1241.4074999999998,53.0,VER
1245.1408333333331,56.0,VER
1249.4741666666664,65.0,VER
1252.540833333333,69.0,VER
1256.7630555555552,76.0,VER
1264.7630555555552,90.0,VER
1269.340833333333,103.0,VER
1276.540833333333,108.0,VER
1287.540833333333,99.0,VER
1292.7630555555552,94.0,VER
1297.8186111111106,91.0,VER
1301.7741666666661,89.0,VER
1313.2408333333328,86.0,VER
1318.2408333333328,90.0,VER
1329.545833333333,102.0,VER
1341.445833333333,119.0,VER
1347.0013888888886,125.0,VER
1356.0388888888886,135.0,VER
1365.2166666666665,118.0,VER
1375.4166666666665,102.0,VER
1379.8166666666666,99.0,VER
1385.0388888888888,94.0,VER
1390.9055555555556,88.0,VER
1394.7277777777779,86.0,VER
1400.4611111111112,86.0,VER
1408.8166666666668,94.0,VER
1414.4833333333333,102.0,VER
1420.5944444444444,110.0,VER
1433.8944444444444,133.0,VER
1440.072222222222,139.0,VER
1446.4722222222222,144.0,VER
1453.1388888888887,150.0,VER
1470.5388888888886,174.0,VER
1478.4499999999998,178.0,VER
1493.2277777777776,190.0,VER
1506.5611111111107,200.0,VER
1520.294444444444,206.0,VER
1534.6944444444441,216.0,VER
1544.3833333333328,218.0,VER
1556.8277777777773,224.0,VER
1569.5499999999997,229.0,VER
1590.4388888888882,235.0,VER
1600.994722222222,239.0,VER
1617.1947222222216,243.0,VER
1636.4836111111106,248.0,VER
1656.2316666666661,253.0,VER
1676.2205555555552,257.0,VER
1711.1538888888888,262.0,VER
1725.7649999999996,263.0,VER
1746.2983333333332,264.0,VER
1773.198333333333,269.0,VER
1791.2649999999999,271.0,VER
1818.6649999999997,274.0,VER
1843.287222222222,277.0,VER
1858.7872222222222,279.0,VER
1880.7205555555552,282.0,VER
1896.4427777777776,283.0,VER
1918.6094444444443,285.0,VER
1944.0316666666665,286.0,VER
1956.6538888888886,284.0,VER
1976.487222222222,255.0,VER
1999.2205555555552,186.0,VER
2010.0205555555553,162.0,VER
2022.376111111111,139.0,VER
2030.376111111111,120.0,VER
2037.9094444444443,113.0,VER
2044.3491666666664,97.0,VER
2053.3491666666664,90.0,VER
2057.24,87.0,VER
2063.462222222222,80.0,VER
2070.2177777777774,76.0,VER
2074.9511111111105,71.0,VER
2082.7288888888884,70.0,VER
2086.784444444444,73.0,VER
2092.584444444444,87.0,VER
2101.74,103.0,VER
2109.4066666666663,115.0,VER
2119.3622222222216,128.0,VER
2125.5399999999995,139.0,VER
2135.8066666666664,154.0,VER
2154.9177777777772,172.0,VER
2164.4733333333324,172.0,VER
2186.1399999999994,195.0,VER
2195.117777777777,202.0,VER
2204.2288888888884,205.0,VER
2218.495555555555,214.0,VER
2228.1399999999994,217.0,VER
2245.6399999999994,225.0,VER
2271.528888888888,233.0,VER
2287.1955555555546,235.0,VER
2299.2511111111103,217.0,VER
2310.4177777777772,201.0,VER
2322.965277777777,189.0,VER
2343.4608333333326,184.0,VER
2358.0830555555544,188.0,VER
2372.9386111111103,191.0,VER
2383.883055555555,197.0,VER
2395.1608333333324,203.0,VER
2409.294166666666,212.0,VER
2439.2941666666666,225.0,VER
2449.338611111111,226.0,VER
2464.6719444444443,230.0,VER
2480.271944444444,234.0,VER
2490.760833333333,236.0,VER
2504.0941666666663,240.0,VER
2522.7608333333324,240.0,VER
2533.6497222222215,245.0,VER
2544.627499999999,247.0,VER
2561.2274999999995,249.0,VER
2590.9274999999993,243.0,VER
2600.6163888888887,218.0,VER
2614.849722222222,183.0,VER
2623.960833333333,164.0,VER
2640.0719444444444,145.0,VER
2648.0163888888887,143.0,VER
2654.238611111111,140.0,VER
2663.571944444444,140.0,VER
2675.9274999999993,139.0,VER
2687.7127777777773,133.0,VER
2693.6683333333326,134.0,VER
2704.830277777777,143.0,VER
2720.030277777777,152.0,VER
2739.4747222222213,175.0,VER
2751.6080555555545,182.0,VER
2770.9080555555547,193.0,VER
2779.7080555555544,198.0,VER
2797.9302777777766,205.0,VER
2816.4302777777766,185.0,VER
2824.6524999999992,185.0,VER
2835.3191666666658,120.0,VER
2845.3191666666658,100.0,VER
2853.3191666666658,80.0,VER
2856.8747222222214,80.0,VER
2862.5524999999993,73.0,VER
2867.0858333333326,68.0,VER
2873.9747222222213,62.0,VER
2878.241388888888,64.0,VER
2886.5524999999993,68.0,VER
2895.108055555555,77.0,VER
2901.108055555555,90.0,VER
2905.374722222222,96.0,VER
2911.6524999999997,113.0,VER
2916.8641666666663,118.0,VER
2925.840555555555,115.0,VER
2930.6849999999995,109.0,VER
2937.2849999999994,99.0,VER
2962.7961111111103,82.0,VER
2973.4627777777773,96.0,VER
2980.929444444444,112.0,VER
2990.5738888888886,124.0,VER
2996.840555555555,141.0,VER
3012.6405555555552,158.0,VER
3023.773888888889,167.0,VER
3040.218333333333,185.0,VER
3048.440555555555,185.0,VER
3061.773888888889,200.0,VER
3078.1072222222224,210.0,VER
3089.9961111111106,214.0,VER
3109.996111111111,225.0,VER
3128.1183333333333,233.0,VER
3141.340555555556,238.0,VER
3171.2850000000003,245.0,VER
3196.7850000000003,255.0,VER
3213.918333333333,257.0,VER
3243.251666666667,264.0,VER
3267.2516666666666,270.0,VER
3282.4183333333335,273.0,VER
